b,h,t_frontal,t_posterior,t_origen,t_final,t_centro_sup,t_centro_inf,t_lat_sup,t_lat_inf,t_nervios_long,t_nervios_transv,prctg_ventana_horizontal,prctg_ventana_vertical,diam_ventana,diam_agujero,n_nervios_transv,n_nervios_long
1.062607106566429,1.2135708482936025,0.07386267740279437,0.061560314856469636,0.0751616857945919,0.06486638564616443,0.07263038516044616,0.04861214861273766,0.027736086770892142,0.0284176779538393,0.041694292454048994,0.019266514265909793,0.6467824717983603,0.5676401302218437,0.21665487060323357,0.7727809093892575,17,4
1.562966548651457,1.7222253458574415,0.05703590881079436,0.04870634905993938,0.04606351081281901,0.0422121899202466,0.046996965482831,0.09755666233599186,0.07966022036969662,0.08961474910378457,0.032313770223408936,0.03748426136560738,0.6917182584293187,0.7874222926795483,0.27150338163599375,0.42421384900808334,17,2
1.525497380644083,1.432311474904418,0.07105631057173015,0.057403622157871724,0.07344025306403637,0.04670339860022068,0.08289999805390835,0.06979213237762451,0.0975416497886181,0.03077456571161747,0.028202435453422367,0.03374102535191924,0.7278716942295432,0.5522136618383229,0.2602359975874424,0.6587493896484375,15,2
