t_front,t_rear,t_top,t_bottom,t_lateral,t1_long,t2_long,h_long,t1_trans,t2_trans,inc_t_trans,d_t_trans,K_trans,ang_Z,D,N_trans
0.039137299692098323,0.014948591263464914,0.03366206016277663,0.0205669811455571,0.02290817899721797,0.036434169569155635,0.021388327724981615,0.019069601203488804,0.027078548879845968,0.02098985201750659,0.3792802029939496,0.6888946945111265,1.1466831722924786,5.203541097536483,0.5184341909298846,1
0.044117396470516324,0.01805032236833555,0.029552068275412412,0.02537937364158078,0.027612646997961805,0.08537016690083833,0.03935784582425222,0.05902245210382238,0.035042449199524796,0.03474370223070516,0.31532806136850267,0.14723158570166078,1.1682594400555657,37.06253368700788,0.5694062141519932,4
