b,h,t_frontal,t_posterior,t_origen,t_final,t_centro_sup,t_centro_inf,t_lat_sup,t_lat_inf,t_nervios_long,t_nervios_transv,prctg_ventana_horizontal,prctg_ventana_vertical,diam_ventana,diam_agujero,n_nervios_transv,n_nervios_long
1.412309281527996,1.3075405921787024,0.0453486854583025,0.04429076321423054,0.04049430597573519,0.05971380535513163,0.06359606191515922,0.05899417467415333,0.03752738602459431,0.05913787245750428,0.04992746230214835,0.03564166587311775,0.5856231648474932,0.6780627199448646,0.28794789399020376,0.4648761708289385,19,4
1.1120925106108188,1.7788415741175414,0.06367460027337074,0.06581172119826079,0.07077105939388276,0.07736724112182855,0.056729436442255976,0.08981628254055977,0.06945151664316654,0.07783948324620724,0.024145496720448134,0.02125204533804208,0.6778722758404911,0.6067048714496195,0.20060708700679244,0.71317179761827,16,3
1.3470412760972976,1.4793340276926756,0.05420978453010321,0.054214571602642536,0.06711438849568367,0.06681527618318797,0.09521113321185112,0.07454330667853355,0.08023591816425324,0.09791839949786664,0.01818893026560545,0.02604349866975099,0.5724900835193694,0.7448109089396895,0.2546214849315584,0.5839374218136073,28,4
