t_front,t_rear,t_top,t_bottom,t_lateral,t1_long,t2_long,h_long,t1_trans,t2_trans,inc_t_trans,d_t_trans,K_trans,ang_Z,D,N_trans
0.02946027501684851,0.011696220740185878,0.035007859402367385,0.03444136606641268,0.032402572111888635,0.04908170170391598,0.09009556077921035,0.07076666515742858,0.030332748166679885,0.024831159192994678,-0.09514261170856098,0.22308312101835195,0.5808886546059401,10.35765672061135,0.4734723963193586,1
0.03697371183781928,0.014440026881902199,0.028295706941773593,0.027811164840071345,0.043430589523860516,0.061995349530076085,0.04002896961772617,0.015801283286034036,0.016850120038366195,0.012112121989577656,-0.40707270788431293,0.29189884064624194,0.6556901094865478,41.20183333514436,0.542766823965052,2
0.027566936483905,0.023139110680642068,0.044855721697542275,0.04101905387387719,0.035651198113550976,0.07558466984645276,0.08862117602195016,0.07754173226225151,0.007575576107398658,0.01700669400637222,0.008401863060860548,0.5375144044096068,1.4934874765515636,29.148237510434257,0.4635251290579647,3
0.018419344143054205,0.028031605414948806,0.039806204802702104,0.03152879179018918,0.029209340555740582,0.021639611793330765,0.06209711751096882,0.027418472570186474,0.010257656006327779,0.005408213373377732,-0.3043164874886922,0.5576249164427142,1.3460073082039434,24.570686156917223,0.4070387494128026,2
0.01740265409058794,0.02031514406570819,0.020547924417838034,0.036914098735939094,0.038543946855978534,0.05390955019633292,0.05326543642635275,0.047879184857410814,0.013354029283614084,0.032015153009344675,0.613340056641667,0.8090090764369297,0.8116913074861988,32.030593006333994,0.6082700744028267,5
