b,h,t_frontal,t_posterior,t_origen,t_final,t_centro_sup,t_centro_inf,t_lat_sup,t_lat_inf,t_nervios_long,t_nervios_transv,prctg_ventana_horizontal,prctg_ventana_vertical,diam_ventana,diam_agujero,n_nervios_transv,n_nervios_long
1.647306876629591,1.603602036461234,0.07739162866026164,0.0757404886186123,0.05661050293594599,0.04915238294750452,0.024577408358454705,0.024112057462334635,0.05216004520654678,0.03921556800603866,0.038353011691942815,0.04720072027761489,0.7660331415012479,0.5329392380081117,0.3013351910747588,0.6317569803446532,17,4
1.7779934629797935,1.4227177994325757,0.06506994843482972,0.07131878018379212,0.052446937151253224,0.05165048915892839,0.0860252320766449,0.06306513376533986,0.0900272087752819,0.06953703626990318,0.020890064416453243,0.04467225235886872,0.5111787310801447,0.6484507756307721,0.3170259366836399,0.679159114509821,27,4
1.277682850509882,1.5096322925761343,0.04340676508843899,0.058469620980322365,0.06131812304258347,0.07431475866585971,0.0341589117795229,0.03326117351651192,0.04195135071873665,0.048338744416832925,0.03558058919385076,0.028436908358708025,0.7523303352296353,0.7089690620079637,0.23780403058044614,0.5300915479660034,27,4
