t_front,t_rear,t_top,t_bottom,t_lateral,t1_long,t2_long,h_long,t1_trans,t2_trans,inc_t_trans,d_t_trans,K_trans,ang_Z,D,N_trans
0.023302428453018807,0.02606879751566636,0.03684436209678298,0.044405166119190216,0.020746955796939397,0.09374078900954742,0.07302459581461285,0.03543705680705254,0.03851308876178779,0.013820936673820464,-0.6299891300817397,0.8359570493340859,1.041385722140812,0.3280357459873007,0.6399588306674131,5
0.03450224999977519,0.023666377058623518,0.023777706054145503,0.03028995417848246,0.0417984770783546,0.013574900354963374,0.013019157102028937,0.05151599781782706,0.02290413143647609,0.037723368492934596,-0.8251058991945078,0.42787704433875706,0.934927151487732,15.046242393862792,0.6765931503749123,2
