b,h,t_frontal,t_posterior,t_origen,t_final,t_centro_sup,t_centro_inf,t_lat_sup,t_lat_inf,t_nervios_long,t_nervios_transv,prctg_ventana_horizontal,prctg_ventana_vertical,diam_ventana,diam_agujero,n_nervios_transv,n_nervios_long
1.0250763341784477,1.6312886517494918,0.05804540302604437,0.07267946287989616,0.04277470003813505,0.06936263211071492,0.03728336527943611,0.03904884122312069,0.04938827231526375,0.09197404012084008,0.04522145118098706,0.021880685524083676,0.5335962076671421,0.763023325521499,0.31101406630128625,0.5069511152803898,21,3
