obj_1,obj_2
0.3356657288292799,5.099738534057405
obj_1,obj_2
1.931845397012114,2.135115429352218
obj_1,obj_2
2.86803019850114,6.428075768604823
