{
  "x_opt": [
    1.679054157814863,
    1.307337554952599,
    0.04217452857225726,
    0.05446153784352892,
    0.05101603714425648,
    0.06120000899581701,
    0.04447351325887328,
    0.044357948732331454,
    0.028939302094047575,
    0.03999192111040916,
    0.04711704642427969,
    0.024245139863868077,
    0.7153321062420669,
    0.7597145102570462,
    0.3049203326918989,
    0.48422023306353124,
    16.341402440390237,
    2.093412783364143
  ],
  "f_opt": 0.0
}